text,label,notes,source_permalink,comment_id
"Like I said, I don't agree with you at all, funny how you exposed yourself as a box score watcher and non ball knower with this comment lmao. You probably thought Ant had a good ass game yesterday too right because he was above 50% on the floor. Also since you came up with the efficiency, let me just remind you, your generational star Wemby had the lowest efficiency in the entire league as a starting center. Funny that it doesn't tell the entire story right? I wouldn't claim Sabonis in no way or form better than Wemby, you on the other hand is very eager to do so when it comes to Sengun lol.",analysis,,https://www.reddit.com/r/nba/comments/1knqhoc/lowlight_jalen_williams_blows_the_wide_open_dunk/mskja0s/,mskja0s
The entire lakers 3peat and the 2 championships with kobe/pau was using the triangle against zones?? Same with kerr's championships The triangle works against any and all defenses because it demands perfect/great spacing at all times along with smart and constant movement. The point is that it forces the defense into making tough decisions that the offense knows better than they do,analysis,,https://www.reddit.com/r/nba/comments/1knvfxg/what_current_teams_in_the_nba_if_they_were_to/mslxjue/,mslxjue
Dallas doesn't need more defense. They need an offensive PG who's great distributor. Losing one of their few remaining shooters would also be a huge issue. They're already going to have spacing issues but you get rid of Klay and they basically have 0 volume 3 pt shooters and unlike the one team that can kind of make that work (thpugh MPJ is one in the regular season) they don't have a Jokic (was going to say distributor but Jokic is one of one so other drop ins don't really work),analysis,,https://www.reddit.com/r/nba/comments/1ko16kn/jrue_holiday_to_mavericks_in_mock_trade/msmn3av/,msmn3av
"Because he spent the first half of his career and most of his best years as a great but not transcendent player on a mediocre to bad team. The average fan, especially online, maybe remembers watching him in 2008 but most likely only watched him starting with the battles against the heat starting in 2011, where he was already several steps slower than his prime, and then as a mercenary vet bouncing around for half a decade after that. So no one really has a memory of the guy from 2001-2007 that averaged 25/7/4 (in an era where 25ppg would put you top ten and some years top 3 in scoring) on way above league average efficiency.",analysis,,https://www.reddit.com/r/nba/comments/1ko5n95/why_is_paul_pierce_not_recognised_as_a_top_sf/msny7pr/,msny7pr
Ehhhh maybe? I mean it’s Giannis but he doesn’t solve all of our problems and our spacing is even worse with him. Giannis and a high usage guard might not work like we want. I’ll be stoked and our defense will be amazing but I’m afraid of just being the 2024 bucks again. We would be way younger though. Need an absolute knock down shooter at the 3 to make it work. Honestly I’d rather build around the margins like the pacers did and have a solid team with options. Having JJ/dyson/risacher + two first round picks give us a lot of young talent that could make an all star leap at some point.,analysis,,https://www.reddit.com/r/nba/comments/1kns2nt/david_adelman_postgame_speech_after_forcing_game_7/msp6v6d/,msp6v6d
"14.7 on 42/33 with no FT doesn’t seem “so” inefficient, especially with how so many players shooting %s are down from the regular season to this playoffs. And it’s a positive because the playoff refs haven’t been rewarding players who force contact on a drive to get those easy FTs. Being able to score on the 2nd level adds an element to the offense that has kept us in games all series (especially Game 4). The spacing isn’t always great when you have Hart, Mitch or both on the court at all times, so its extremely valuable having someone generate that offense without having to get all the way to the rim.",analysis,,https://www.reddit.com/r/nba/comments/1kojai7/ethics_masterclass_despite_averaging_138_ppg/msrggyt/,msrggyt
"No. Their skillsets are different, but KCP's was more valuable to the team. To put it simply, KCP was an elite 3pt shooter who an effective pull up mid range shot, and offered elite POA defense and screen navigation. Braun is very athletic and a great finisher (especially in transition), but limits our spacing in the half court. Defensively he is more effective against bigger wings, but struggles against smaller, quicker guards where KCP didn't.",analysis,,https://www.reddit.com/r/nba/comments/1kotxul/is_this_version_of_christian_brown_better_than/mssoaxx/,mssoaxx
"Paolo is averaging 28/9/5 on 45/42/72 shooting in the playoffs against elite defenses and with shit spacing. Paolo is gonna be a superstar, both are good but I lean Paolo.",analysis,,https://www.reddit.com/r/nba/comments/1kp8mpw/whos_the_better_playerwho_would_you_rather_start/msw4mz0/,msw4mz0
"Nah its the opposite. Parity is because league talent is at the highest it's ever been. 15 years ago you never saw so many reverse pick and roles, agile big men, or even close to the volume and quality of shooters. The strategy of the game has also gotten way more complex and modern offensive schemes are just way more advanced and hard to counter than they ever were. Add the inherent variance of 3 point shooting and any tram can beat or lose to any other team. Back before the spacing era where teams were playing a ton of iso, clogging up the paint, and chucking inefficient long 2s, superstars were just better able to dominate.",analysis,,https://www.reddit.com/r/nba/comments/1kpa2ox/if_okc_lose_series_and_get_booted_from_playoffs/mswe9qf/,mswe9qf
"I didn't say either of those things and your saying so is a clear example of how you're arguing in bad faith. Isaiah Joe's minutes also dropped this series, but guess what? He's still good. It's not unusual for lineups to vary based on matchups. Keep ignoring how Wiggins started 1/3 of the season averaging better numbers on slightly lower efficiency. You will do whatever mental gymnastics it takes to deny that he didn't just whoop up on benchwarmers.",analysis,,https://www.reddit.com/r/nba/comments/1kpb9mb/is_tomorrow_a_nikola_jokic_legacy_game/mswzood/,mswzood
Keeping tabs on this thread when Paolo drops another 50 piece on Detroit and demolish them. No disrespect to Cade but Paolo a mvp level candidate if he has the spacing Cade had this year.,analysis,,https://www.reddit.com/r/nba/comments/1kp8mpw/whos_the_better_playerwho_would_you_rather_start/msxqiov/,msxqiov
"Yup. Brook is not completely unplayable in playoffs, Pacers are just an all-time offensive team and the worst matchup for him of anybody in the league. *(He has been exposed even as the prime bucks version of himself before by other playoff teams tho) He can definitely be effective against teams that don’t have a knockdown stretch 5, lightning pace, or wings/guards that can drag him into an iso on the perimeter and then blow by for easy paint touches. The better your perimeter/poa defense is, the more playable + effective Brook will be. Would be a great pickup for Warriors.",analysis,Strong claim with supporting basketball reasoning; labeled analysis.,https://www.reddit.com/r/nba/comments/1kpmppz/realistic_off_season_moves_for_golden_state/msz7nuw/,msz7nuw
"Brunson should have a field day honestly because the Pacers let Donovan Mitchell average near 40 against them. They're not the best defensively but nemhard and Haliburton will probably guard him. Throw Siakam at him a few times to give him some different looks. Wings like Bridges, OG will probably be guarding Hali, but I think he's gonna cook as well if they do plays to switch Brunson on him a lot. KAT should bring Turner out of the paint and give them more spacing.",analysis,,https://www.reddit.com/r/nba/comments/1kpql6d/what_are_the_likely_matchups_for_the_indiananew/msztvpj/,msztvpj
"Maybe? It's not an excuse, OKC is playing really great defense. Even despite that Jokic has had a couple games this series with 40+ points. The reality is Gordon being hurt has really hurt this team tonight. The Nuggets defense is being exposed and none of the Nuggets perimeter guys can consistently create their own shot. Jamal Murray is great off the dribble but he lacks the athleticism to really create separation at times. Russell Westbrook can't shoot and more often than not throws up a wild and contested shot from the paint.",analysis,,https://www.reddit.com/r/nba/comments/1kpquc5/game_thread_denver_nuggets_33_oklahoma_city/mt0qink/,mt0qink
"Alright if you're Denver, who are you keeping? I got Jokic, Braun, Gordon as the only people that cannot be moved, BUT realistically who is there to get? Is there a KD move to sell the future for 2 year windows? Giannis does not solve the Denver spacing issues. Also Adelman ain't it after that 4 guard, Gordon lineup. Like that is just a lack of common sense. But who's out there. Because that's how you get Doc Rivers lmao.",analysis,,https://www.reddit.com/r/nba/comments/1kpquc5/game_thread_denver_nuggets_33_oklahoma_city/mt0s22o/,mt0s22o
Fr the Wolves will torch us from 3 if we ain’t careful. Plus I’m worried about how we matchup vs Ant. We got loads of perimeter defenders but very few people can deal with that burst,analysis,,https://www.reddit.com/r/nba/comments/1kpquc5/game_thread_denver_nuggets_33_oklahoma_city/mt0vfr2/,mt0vfr2
"Any advanced metric on earth, his raw stats and efficiency, literally anything you can pull up. Eye test backs this as well, he is fully leading the team on offense. Fully. If okc shot over 30% on the WIDE OPEN threes he generates they win in 4. Also if u actually watched the run a zone box and 1 wombo combo to stop Shai all series. They were literally selling out on anyone not named Shai for seven games fully and it almost worked. Just the coverage should show you how good he is.",analysis,,https://www.reddit.com/r/nba/comments/1kpquc5/game_thread_denver_nuggets_33_oklahoma_city/mt0z74g/,mt0z74g
"> Our starters are good enough good enough? Maybe one of the best starting lineups in the league. name me another #4 or #5 scoring option like Braun, 15 points a game at 58% FG is nearly unprecedented. I'm just missing the issue here, why is everyone pretending like this is a bad roster? This is a really solid roster, obviously has some flaws on the bench and they could use another big, but....c'mon this just feels like excuse making.",analysis,,https://www.reddit.com/r/nba/comments/1kpvpwk/post_game_thread_the_oklahoma_city_thunder_roll/mt0zezi/,mt0zezi
"a lot of teams in the playoffs have a very small rotation and barely even play more than 3 bench guys. Yes their bench isn't great, but the Nuggets have one of the best starting lineups in the league. There is no other team in the league where the #4 or #5 scoring option like Braun is averaging 15 points a game in the season on 58% FG, it's nearly unprecedented.",analysis,,https://www.reddit.com/r/nba/comments/1kpvpwk/post_game_thread_the_oklahoma_city_thunder_roll/mt100k8/,mt100k8
"Both teams played to heavily shutdown the other teams star don't pretend the Nuggets whole defensive scheme wasn't to stop Shai. Why is Jokic immune to any wrong doing and always gets excuses made for him. Jokic had 41 assists and 31 turn overs over the 7 game series. Shai had 46 assists and 14 turn overs. Shai also averaged more points on better efficiency than Jokic. A guard scoring more, being more efficient, and having more assists with less turn overs than one of the greatest passers ever isn't just because he has the better team. Shai played better this series, it's that simple.",analysis,Strong claim with supporting basketball reasoning; labeled analysis.,https://www.reddit.com/r/nba/comments/1kpw0a9/shai_fraud_mvp_gilgeousalexander_exits_a_game_7/mt121an/,mt121an
"its not that other players weren't good, its that he had maybe 4 or 5 other players to depend on and no depth beyond that. If Jokic himself or one of those playable dudes were cold/off/hurt/etc. then the relative impact on the nuggets was heavier than on OKC, coupled with the fact that OKC has elite players on offense and elite players on defense with a sizable rotation of players (i think there were like 4 or more starting lineups in the regular season for OKC) while SGA is the head of all that.",analysis,,https://www.reddit.com/r/nba/comments/1kpquc5/game_thread_denver_nuggets_33_oklahoma_city/mt129so/,mt129so
"Coming in as neutral who really wanted to see a good matchup between 2 of the best players right now, if that was a ""Flagrant 1"" then Draymond Green should be in NBA jail at this point... That being said, the Nuggets somehow did everything to not involve Jokic in the third... the guy deserves a better squad around him As far as OKC, wtf... it's like they are a combination of Popovich Spurs defense and Mike D'Antoni Suns offense.",analysis,,https://www.reddit.com/r/nba/comments/1kpvq2g/the_denver_nuggets_have_been_eliminated_from/mt12pir/,mt12pir
"Jokic always goes through stretches where he tries to get things going with his passing instead of his shooting. We really gonna act like 20/9/7 on good efficiency playing 3 quarters of a game the Nuggets had absolutely no chance to win is some terrible performance? I don’t know how people’s takeaway from this game is Jokic. My takeaway was “they have absolutely no chance to win with Gordon being out there unable to run”. It didn’t matter what Jokic did. He was having like a normal average game he could have stepped up if it mattered, but it turned out not to.",analysis,Strong claim with supporting basketball reasoning; labeled analysis.,https://www.reddit.com/r/nba/comments/1kpvpwk/post_game_thread_the_oklahoma_city_thunder_roll/mt149zh/,mt149zh
"Because Giannis was injured in that 1v8 matchup? Maybe he gets clowned less because people use their eyeballs to at least read box scores if not actually watch games, who’s getting clowned for dropping 38/20 on a fucked back in an elimination game?",analysis,,https://www.reddit.com/r/nba/comments/1kpwdcl/nikola_jokic_has_gone_past_2nd_round_exactly/mt17fk3/,mt17fk3
"Fewer assists, more turnovers, worse defense, worse efficiency, worse scoring Had literally his two worst games of the season in games 2 and 3 and only took 9 shots in the close out game. I guess the rebounding was good.",analysis,,https://www.reddit.com/r/nba/comments/1kpx3pw/sga_was_better_than_jokic_this_series/mt18h57/,mt18h57
Yea harden is a good playmaker but his assist numbers during those runs overrated his actual playmaking. His usage rate was really high and he refused to take low percentage shots. He'd dribble and probe and when he doesnt find something he likes he passes out to Gordon etc who have no option but to put up a last second and low percentage shot. He's basically exporting inefficiency to his teammates which is the opposite of what a dynamic perimeter player/playmaker should do. This is why he is who he is in the playoffs. You need a player who's not afraid to take difficult shots and take the blame of missing shots or losing. Harden isn't that guy.,analysis,,https://www.reddit.com/r/nba/comments/1kpvq2g/the_denver_nuggets_have_been_eliminated_from/mt19cvc/,mt19cvc
"They need much better shooting or a proper second creator. The Thunder could throw 4 guys on Jokic off the ball because the rest of the squad couldn’t get anything done. The nuggets got tons of open 3’s and missed. And when they kept missing, OKC just sucked the defense in tighter and tighter. Jamal Murray isn’t cutting it as a creator either. He gets one on one matchups all the time because of Jokic but he can’t beat them consistently, and he can’t make the right play when he runs into help. This bumps up the defensive attention Jokic received even further",analysis,,https://www.reddit.com/r/nba/comments/1kpvq2g/the_denver_nuggets_have_been_eliminated_from/mt1bgho/,mt1bgho
"7 games - but, Who? Both teams are prone to bad spells/lapses - but all the matchups are intriguing. Both will stumble... and the heavyweight will win the bout. I'd lean T-Wolves because of their experience...",analysis,,https://www.reddit.com/r/nba/comments/1kpwqlx/what_are_your_predictions_for_the_wolves_thunder/mt1cfp2/,mt1cfp2
"Caruso is one of those guys that gets so much praise for his defensive prowess, but it’s usually just officials allowing him to be overly aggressive on oversized matchups. 3 no calls on previous possessions against Jokic change the trajectory of the whole game. Instead of him having to play more careful defense, in foul trouble, he’s able to continue playing aggressive and forcing turnovers for easy transition buckets. Plus Denver went into a shell and start bombing away from 3, and building community homes with bricks.",analysis,,https://www.reddit.com/r/nba/comments/1kptnt1/highlight_alex_caruso_fouls_nikola_jokic_and/mt1dzyp/,mt1dzyp
"I never said he was better than MJ and Bron. However, for offense only, there's an argument. Great rebounder, elite efficiency, can score from anywhere, and an elite passer. If Jokic was also an elite defender, he'd be in the goat convo versus just the top 10 all time convo.",analysis,Strong claim with supporting basketball reasoning; labeled analysis.,https://www.reddit.com/r/nba/comments/1kpvpwk/post_game_thread_the_oklahoma_city_thunder_roll/mt1e2dg/,mt1e2dg
"Those celtics were built to neutralise the mid range and perimeter scoring which is why mid range god KD struggled against them. The bucks, otoh, were a team that scored in the paint. With al horford being your only 7 footer, I'd say bucks were a good matchup for the celtics. The celtics weak interior defense also got exposed by warriors in the finals. I remember wiggins and his cuts destroying them.",analysis,,https://www.reddit.com/r/nba/comments/1kpxij8/nikola_jokic_on_whether_the_nuggets_can_win/mt1gg6s/,mt1gg6s
"ya and that case is going to be we are the only team with cap space. its why KCP went to orlando last year. The salary cap blows in general, but insane restrictions on both spending too much AND shedding payroll once you've spent too much are a tough 1-2 punch. All owners are super rich, miss me w/ ""buying a championship"" rhetoric.",analysis,,https://www.reddit.com/r/nba/comments/1kpwypt/bill_simmons_bill_simmons_on_how_the_players/mt1hi3s/,mt1hi3s
"Yes, I have it in the same category as all of those. He averaged around 30/13/10 on 66% True Shooting. To put that into perspective, that's like scoring at the volume Kobe scored at, with the rebounding of Tim Duncan, the assist numbers of Chris Paul, and the efficiency of peak Steph Curry. All in one player. He literally averaged a 30 point triple double. Jokic this season: \- #1 in efficiency (amongst players who average at least 15 a game) \- #2 in assists \- #3 in rebounds \- #3 in points",analysis,,https://www.reddit.com/r/nba/comments/1kpvpwk/post_game_thread_the_oklahoma_city_thunder_roll/mt1hlkx/,mt1hlkx
"Which is why I don’t get why people don’t understand that the current NBA is about matchups and personnel…. Not absolutely insane individual output. SGA made all the right reads and 30 a game look easy but I bet most nephews don’t even realize Denver played zone and forced the ball out of his hands all series. Denver did the best they could but they were clearly a much more flawed team and every game SGA and his teammates showed up, the wins were much more dominant.",analysis,,https://www.reddit.com/r/nba/comments/1kpx3pw/sga_was_better_than_jokic_this_series/mt1m57t/,mt1m57t
"so your telling me its better to compare a hypothetical situation where both players magically switched teams then their literal stats in this ACTUAL series? Also of course Jokic would do better than SGA if SGA was on the nuggets.... the current nuggets are literally built for jokic, a CENTER. If SGA was always the star player for the nuggets instead of joker, then Deandre Jordan wouldn't start in this scenario. Why can't you accept that SGA was better? He scored more on better efficiency, had more assists and less turnovers, and played a lot better defense relative to his position, had a superior plus minus, and most importantly, he won.",analysis,,https://www.reddit.com/r/nba/comments/1kpw1kw/sga_averaged_3067_on_63_ts_and_2_turnovers_this/mt1naft/,mt1naft
"Yeah I agree with you 100%, I spoke a bit about in the 3 paragraph but didn't really nail it like you just did. It's really a blend of both. Like even if MPJ was healthy he still wouldn't have been granted space because of how tenacious that defence is and how lacking the rest of Denvers lineups are shooting wise. It was too easy to close out on guys who didn't want to shoot the shot created for them. At least Reggie and Holiday were willing shooters that would take them quickly.",analysis,,https://www.reddit.com/r/nba/comments/1kpxtxs/nuggets_starters_dominant_playoff_run/mt1q6dj/,mt1q6dj
"LaVine is wildly inconsistent on offense just like MPJ and doesn't play defense, and he's also being paid like a #1 option. it would be hard to imagine that the Nuggets would want to trade for LaVine while also investing far more cap-wise into LaVine. if they were making the same amount, that would potentially be a different story, but even then the Nuggets might not",analysis,,https://www.reddit.com/r/nba/comments/1kpy5w2/michael_porter_jr_vs_the_thunder_751_on_42_ts/mt1qvhq/,mt1qvhq
"It’s not about the individual matchup, it’s about the team defense. Caruso couldn’t guard Jokic 1v1, but he can be effective as the primary defender if Chet is there to help. And Randle is good, but Caruso, JDub, Dort, Hartenstein, JWill, even Cason in bursts will be able to matchup with him, depending on the scheme",analysis,,https://www.reddit.com/r/nba/comments/1kpy9xv/nikola_jokic_on_the_nuggets_needs_the_ones_who/mt1wriz/,mt1wriz
"Yeah I think it's basically this and Wolves turnovers - if they play like they did against GSW then the Thunder are going to score too many transition points to overcome (like today when they had 37 off of turnovers). But if Minnesota can take care of the ball and not give up points in transition, I could see it getting really ugly for OKC's offense, like some of the Denver games did",analysis,,https://www.reddit.com/r/nba/comments/1kpwqlx/what_are_your_predictions_for_the_wolves_thunder/mt1xmsj/,mt1xmsj
"I am not? I have in fact said multiple times (in agreement with you that the coaching contributes) that the lineup without him plays worse than the sum of its parts. Thus, when people say the Nuggets success is part of Jokic's greatness and their failures the fault of his supporting cast, that's not a bad argument. It doesn't matter if it's because of the coach's rotation, roster composition, or something psychological -- the bottom line is Jokic is completely carrying that team.",analysis,,https://www.reddit.com/r/nba/comments/1koiqnd/bill_simmons_after_nikola_jokic_pushes_series_to/mt1yjin/,mt1yjin
"I mean ""not being able to do literally 50% of what the game requires"" is an insane overstatement. He's an average maybe slightly below average defender, Joker is never going to get an all-defense but he isn't completely incapable or so bad to the point that its a major detriment. Despite his lack of man to man prowess he consistently has good positioning and is a monster at rebounding, so he reduces the actual number of shooting attempts opponents can get.",analysis,,https://www.reddit.com/r/nba/comments/1kpzlsu/is_it_crazy_to_say_jokic_is_the_worst_player_to/mt1z60p/,mt1z60p
OKC's supporting cast is definitely more talented and I think they also solidly outplayed Denver's in this series when you include defense. Offense alone it's arguable but I'd still advantage OKC. OKC's roleplayers definitely played way below their level for it to even be close on offense alone though. I think that if MPjr were healthy it probably swings Denver on offense but he was ineffective playing through injury and really weighed down their efficiency. I don't know why Adelman didn't get more minutes deeper into the bench instead of just sending MPjr out to be bad on offense and defense.,analysis,,https://www.reddit.com/r/nba/comments/1kpzmro/jokic_attempted_more_ft_this_series_than_sga/mt1zcsl/,mt1zcsl
"People said they allow more physicality in the playoffs, which is why OKC would not succeed, but when it’s against the sweet prince of Serbia, all media just forgives the disgusting flopping all series from Jokic because they have to play physical defense against the best player in the world. Every other best player in the league gets shit on for no reason for as long as I can remember. Jokic may be the largest foul grifter I’ve ever seen over a series, and everyone jumps to defend him at every turn. Obviously he’s great and has fans, but this is disgusting and will eventually get someone hurt.",analysis,,https://www.reddit.com/r/nba/comments/1kptnt1/highlight_alex_caruso_fouls_nikola_jokic_and/mt2ksn6/,mt2ksn6
"You don’t know the wolves, they dont go down fast. Wolves have one of the best lockdown man defenses in the league, and more depth than okc. Both teams have good games and bad games, and are 2-2 in the regular season. OKC is good at grabbing turnovers but wolves have a much stronger offense. I guess we’ll see.",analysis,,https://www.reddit.com/r/nba/comments/1kpwqlx/what_are_your_predictions_for_the_wolves_thunder/mt2lmv1/,mt2lmv1
"There's a hard salary cap that teams have to adhere to. Penrith are victims of their own success. Over the last 4 seasons they've lost an entire starting team (11-13 players) worth of top tier talent that is mostly flourishing at other clubs (franchises). It's absolutely insane what they've achieved when the rules are set to actively prevent itz especially when you consider how tough the sport is and how many injuries are doled out regularly. It's unlikely to ever happen again in our lifetime, unless the cap rules are changed.",analysis,,https://www.reddit.com/r/nba/comments/1kpvjo8/stein_essentially_official_now_the_nba_will_have/mt2npwx/,mt2npwx
"Even if harden has ONE bad game in a series, he gets endlessly shit on. Joker put up 9 shots, 10 flops, and 5 turnovers in a game 7. Harden gets shit on for his defense but Jokic is worse on that end too. How're you defending him at this point? Wtf did he do well?",analysis,,https://www.reddit.com/r/nba/comments/1kpwqqi/battle_of_the_mvps_ends_sga_3066_63_ts_jokic/mt2qmgm/,mt2qmgm
"They were collapsing on Jokic cause nobody could defend him effectively on single or double team coverage. OKC's defense is designed to limit perimeter players. OKC always struggle with tall, skilled lineup The Western Conference Finals this year would be extremely difficult matchup wise",analysis,,https://www.reddit.com/r/nba/comments/1kq2vtd/2015_warriors_vs_2025_thunder/mt2qp7z/,mt2qp7z
"Gordon and Braun are solid tho, they do have a solid rotation in some ways or starting line up. Jokic is always gonna do what he does, but hes got major weaknesses on defense and gets tired like Luka vs teams that can run them out of the gym. Stats are overrated now,, especially when you have a system built around you..tripple doubles now are insanely overrated, obv Jokic is a top player in league but his stats make him look even better than he is. Defense at Center is the way to win, hes just a 1 off Point Center but his defense and athletic ability always gonna limit a team in 7 game series",analysis,Strong claim with supporting basketball reasoning; labeled analysis.,https://www.reddit.com/r/nba/comments/1kpy9xv/nikola_jokic_on_the_nuggets_needs_the_ones_who/mt2qqh2/,mt2qqh2
"Realest comment. I been saying this same shit. Jokic stats are inflated from playing in this era where there's few dominant big men. He's also a one-way player unlike most of the actual all-time greats. No actual Top 5 center of all time is getting locked up by 6'5"" Caruso, but supposed current ""best player in the world"" and ""best offensive center/player of all time"" Jokic (7 feet tall, no injuries, in his prime) got locked up in an elimination game? Make it make sense. He's just overhyped because he's the Great White Hope. No other possible explanation why he gets glazed so hard.",analysis,,https://www.reddit.com/r/nba/comments/1kpvpwk/post_game_thread_the_oklahoma_city_thunder_roll/mt2tbtp/,mt2tbtp
"I love it when the differences between positions actually show up again Elite big men can force the issue and assert themselves in ways that elite guards can't; almost quite literally in a physical sense At the same time, though, you can scheme in a way that makes it real hard for elite big men to get clean catches, and that's a lot harder with elite perimeter guys. Plus you have the old story with how Jamal Murray took a lot of the clutch isolation possessions, because you could largely guarantee the guard Murray can get off a shot whereas you can't guarantee that with a big Elite forwards who somehow can do everything like LeBron are just unfair lmao",analysis,,https://www.reddit.com/r/nba/comments/1kpw43q/nikola_jokic_in_the_game_7_loss_to_the_thunder_20/mt2thma/,mt2thma
i'm not against shortening the season. people always bitch and moan about the way it used to be and how entitled everyone is but the game has changed. the switch everything defenses where everyone guards above the three is so taxing on these guys' bodies both as offensive and defensive players. wear and tear injuries always pop up in the playoffs and end up changing outcomes. i don't know what the solution is but something needs to change. just because it's been 82 games for forever it doesn't mean it needs to stay that way,analysis,,https://www.reddit.com/r/nba/comments/1kq0y3i/time_for_a_change_in_the_nba_schedule/mt3399c/,mt3399c
"There's a lot of nuance in this topic. The turnover portion is mostly because he was playing against a historically good defense when it comes to getting deflections and steals, so that's not all on Jokic. He was making a bunch of passes that would have reached the target if he played against any other team. As far as passing too much, I think tonight it was kind of shocking he only took 9 shots in a game 7. In games 1-6 of the series, he was averaging 22 shot attempts per game. I think overall, he's doing what he can with a limited group of players around him.",analysis,,https://www.reddit.com/r/nba/comments/1kq65lt/is_it_generally_agreed_that_jokic_passes_too_much/mt37dt4/,mt37dt4
"That’s what a lot of casuals don’t get, playing defense in nba is harder and more exhausting than any time in history due to explosion in 3pt shooting and 5 man out offenses. Chet, Isiah, and JWill are bigs but they rarely posted up instead spent most time on perimeter setting screens and shooting 3s. Joker is unable to rest around paint like big men in past, he’s forced to chase and house around 3pt line helping with never ending waves of PnRs. It takes a lot out of most bigs let alone a polar bear like Jokic. Imagine Shaq being forced to do the same all game long, not a pretty sight.",analysis,,https://www.reddit.com/r/nba/comments/1kpy9xv/nikola_jokic_on_the_nuggets_needs_the_ones_who/mt38eh3/,mt38eh3
"I'm sure players also don't want to have their performance handicapped by season lengths every season, some younger players are trying to play 80 games because they can while bench players get their breaking out with these extra games. All those players in reach of Max contract usually have the first 6or 7 years to set the pace for team high records without worrying about championships. This is when playing the maximum out of 82 games is key for them. After those years some start aiming at efficiency, others start looking for quality of life and play ( play less through injuries).",analysis,,https://www.reddit.com/r/nba/comments/1kq4nhu/why_the_nba_will_never_reduce_the_season_from_82/mt3fmnx/,mt3fmnx
82 games is insane. I never understood that. A lot of games are formality. A lot of games where teams just dont want to play. Less games mean that every game matters. It means more time to rest and to prepare for the next opponent. You just cant make tactical adjustments when you have 3 different opponents in 4-5 days,analysis,,https://www.reddit.com/r/nba/comments/1kpxgmb/aaron_gordon_on_the_playoff_scheduling_i_would/mt3oqsw/,mt3oqsw
"If we look at BBallIndex Playoff LeBron 3 year average metric for 2014-2016 (discounting the KD GSW years) we can see the following stats: Minutes played: Russ 1409 KD 1540 LEBRON: Russ 4.28 KD 3.49 O-LEBRON: Russ 5.23 KD 2.94 D-LEBRON: Russ -0.96 KD -0.3 Role adj. eFG%: Russ 47% KD 49% Role adj. TS%: Russ 54% KD 56% This is through multiple series over multiple years. Scoring wise there wasn't much to separate the two but Russ was the far more impactful offensive player because of his rim pressure, playmaking, offensive rebounding.",analysis,,https://www.reddit.com/r/nba/comments/1ke8inz/highlight_russell_bestbrook_2nd_quarter_montage/mt3p2z8/,mt3p2z8
Hear me out....same 82 games but different block rotations. That week or 2 consists of main rosters lineup and another block consists of bemch players that don't get lots of minutes. So both main players can rest and bench teams can play,analysis,,https://www.reddit.com/r/nba/comments/1kq6x0m/is_aaron_gordon_right_should_there_be_more_rest/mt3s6de/,mt3s6de
We started with double bigs vs Denver but we have lots of different lineups that we run. We even ran 5 guards for some time in game 7. I think it's pretty matchup dependent,analysis,,https://www.reddit.com/r/nba/comments/1kq96da/conference_finals_teams_starting_lineups_ranked/mt3s6po/,mt3s6po
"For sure. OKC’s starters only had a net rating of 3, but they were like a +72 in the series as a team. I’d assume the starter’s rating was so even because they would revert to it during crunch time (which is typically pretty even in the playoffs) after mixing up lineups throughout the game.",analysis,,https://www.reddit.com/r/nba/comments/1kq96da/conference_finals_teams_starting_lineups_ranked/mt3txba/,mt3txba
"I also swear to God that Mikal is so much better with Brunson on the bench and/or when Brunson gets exhausted. Knicks could have some real banger rotations if Thibs weren't such a hardass about always playing his best 5 as much as possible. I am still kind of in shock that Thibs unlocked some OP rotations last year against Indiana due to injury, but then traded away all the players who made them possible.",analysis,,https://www.reddit.com/r/nba/comments/1kq96da/conference_finals_teams_starting_lineups_ranked/mt3ubdd/,mt3ubdd
"OKC has the perfect roster to slow Minnesota down. Minnesota has the perfect roster to slow OKC down. There might be some 87-84 final score type games in this series. Unless one of the two teams has a hot shooting night, this series is most likely going to be a slooooggggg. If you like defense, you will love this series. Stay in the east if you prefer offense.",analysis,,https://www.reddit.com/r/nba/comments/1kpwqlx/what_are_your_predictions_for_the_wolves_thunder/mt3uitd/,mt3uitd
"It's one of my favourites to watch. 5 ball hawks switching everything, doubling, recovering, flying around being pests on and off the ball. Then speed, 3 point shooting and the ability to get to the rim on offense. Man, I'm so excited to watch the ECF and WCF.",analysis,,https://www.reddit.com/r/nba/comments/1kq96da/conference_finals_teams_starting_lineups_ranked/mt3vihr/,mt3vihr
"Imo that is quite a lot by data. 4ts more as a PG cs a C , shai didn’t have as bad low games either. More points, more assists , SIGNIFICANTLY less turnovers Imo the data makes it look like Shai was much better even tho he wasn’t his best . Giving your team more scoring on better efficiency, more assist creation and way less turnovers is pretty valuable . Jokic had a lot of 5-10 turnover games that is suicide vs okc. Shai is more useful defensively and Jdub really stunk this series imo Murray was better . Maybe it’s time for jokic dick suckers to chill out with goat offensive player by miles or whatever they say",analysis,,https://www.reddit.com/r/nba/comments/1kpvq2g/the_denver_nuggets_have_been_eliminated_from/mt3x5dx/,mt3x5dx
They had no real 2nd level of their offense. The progression tree was something like: 1. 5-out look to make space 2. Quick 3 if good look is available 3. If no good look is available: 1. Pass around the perimeter or 2. ISO Infuriatingly simple but it worked beautifully until Thibs figured it out.,analysis,,https://www.reddit.com/r/nba/comments/1kq96da/conference_finals_teams_starting_lineups_ranked/mt3xpdd/,mt3xpdd
"$30M when his extension starts would be 17% of the cap. I broke down the math in another comment, but it would guarantee that either the Nuggets are deep into the second apron even if all 10 bench guys are minimums, or they waive/stretch MPJ because his last year is only partially guaranteed.",analysis,,https://www.reddit.com/r/nba/comments/1kq4uyp/bobby_marks_christian_braun_extension_number_will/mt40vsz/,mt40vsz
"Yes, just the playoffs thus far. PIE = player impact estimate. In short, it's the proportion of recorded box score events that can be attributed to those players. In a 5-man lineup, it's the sum of all 5 players involved. For example, the Pacers' starting lineup's PIE of 62.2 means that roughly 62.2% of every statistic recorded when that lineup is on the court is attributed to the Pacers, whereas their opponents are accounting for 37.8% of box score statistics. Basically a single number to show that a lineup is dominating.",analysis,,https://www.reddit.com/r/nba/comments/1kq96da/conference_finals_teams_starting_lineups_ranked/mt41k28/,mt41k28
"I mean… were Jokic defending Caruso the way Caruso was defending Jokic, he would have picked up 6 fouls by halftime. Just because a guy is smaller doesn’t mean he should be able to smack the shit out of a bigger guy all game long. Also Jokic was backing him down a bunch back in game 2 but got called for 5 offensive fouls in that game. 1-2 of them were on illegal screens, but at least a few of them were him backing down a smaller guy in the post. I’m not suggesting it’s the reason we lost. But I refuse to believe Alex fucking Caruso is the only guy who can lock Jokic up",analysis,,https://www.reddit.com/r/nba/comments/1kq9v5o/serious_next_day_thread_postgame_discussion_may/mt43c9o/,mt43c9o
"The cap is just a starting point. If every team had salaries just at the cap, owners would actually owe players checks because the cap is 44.74% of BRI, and the mandated minimum collective salary is 49% of BRI. Teams are also mandated to spend to at least 90% of the cap every offseason, and that led directly to Detroit's surge from 14-68 to 44-38; they signed/received in trade multiple quality vets to meet the cap requirements instead of just tanking another year, and that led to winning games.",analysis,,https://www.reddit.com/r/nba/comments/1kq2faw/remaining_teams_by_salary/mt44wjq/,mt44wjq
Thibs sticks to what he knows (sometimes at the detriment of the team). To this point it has gotten us to the ECF but its clear we can tap into more rotation wise. Thibs loves Josh Hart and Hart is a great player but he kind of kills the half-court offense because teams put their Center on him and sag off. Against Boston he shot **42%** from 3 we are going to need him to keep that up if we are going to have a shot.,analysis,,https://www.reddit.com/r/nba/comments/1kq96da/conference_finals_teams_starting_lineups_ranked/mt45cv3/,mt45cv3
"On less than 3 shots a game, all wide open. If you watched the Nuggets at any time before the playoffs you would know to expect every defense to leave him open for the playoffs. He was hot and cold to get to that number and defenses do not respond to him shooting. Thats what spacing is. It isnt shooting percentage, its defensive attention.",analysis,,https://www.reddit.com/r/nba/comments/1kq4uyp/bobby_marks_christian_braun_extension_number_will/mt469i0/,mt469i0
Playoff Jimmy isn't a thing and it got exposed this series,hot_take,Borderline hot_take/reaction; draft label chosen by taxonomy decision rule.,https://www.reddit.com/r/nba/comments/1kncwe3/playoff_jimmy_has_never_existed/mshespn/,mshespn
Three most over used words in this sub Fraud Exposed Rigged,hot_take,Borderline hot_take/reaction; draft label chosen by taxonomy decision rule.,https://www.reddit.com/r/nba/comments/1knl5io/the_cavs_truly_were_not_frauds/msj1f4y/,msj1f4y
I have never seen a player get exposed to the level J Dub has been in this series,hot_take,Borderline hot_take/reaction; draft label chosen by taxonomy decision rule.,https://www.reddit.com/r/nba/comments/1knmlvm/game_thread_oklahoma_city_thunder_32_denver/mskbsmg/,mskbsmg
"Dubs issue isn't just ""pressure"". It's his literal skill and athletic limitations that are exposed against playoff defenses.",hot_take,Borderline analysis/hot_take; draft label chosen by taxonomy decision rule.,https://www.reddit.com/r/nba/comments/1knmlvm/game_thread_oklahoma_city_thunder_32_denver/mskc7y7/,mskc7y7
"Boston fans told me Mazulla the best thing since sliced bread, he been getting exposed all series",hot_take,Borderline hot_take/reaction; draft label chosen by taxonomy decision rule.,https://www.reddit.com/r/nba/comments/1koee0k/game_thread_boston_celtics_23_new_york_knicks_32/msq3rxv/,msq3rxv
"Its kinda sad man, imma Knicks fan but there is something terrible watching him look washed",hot_take,Borderline hot_take/reaction; draft label chosen by taxonomy decision rule.,https://www.reddit.com/r/nba/comments/1koee0k/game_thread_boston_celtics_23_new_york_knicks_32/msq479t/,msq479t
"Celtics exposed, fraudulent championship confirmed",hot_take,Borderline hot_take/reaction; draft label chosen by taxonomy decision rule.,https://www.reddit.com/r/nba/comments/1koee0k/game_thread_boston_celtics_23_new_york_knicks_32/msq9xyg/,msq9xyg
No chance. washed ass Lillard wouldn’t have changed anything,hot_take,,https://www.reddit.com/r/nba/comments/1koee0k/game_thread_boston_celtics_23_new_york_knicks_32/msqa8u7/,msqa8u7
lmao they're not winning another anything with this washed roster,hot_take,Borderline hot_take/reaction; draft label chosen by taxonomy decision rule.,https://www.reddit.com/r/nba/comments/1kokbw9/this_celtics_team_should_not_be_counted_out_they/msqshlb/,msqshlb
"Nah the Cs are overrated as fuck and have a super weak mental game shielded by Mazzula's psycho takes (ppl acting like that gives the team aura points lmao). Especially happy Brown has been exposed, can't lead a team for shit and shouldn't have won FMVP last year. Tatum takes all the defensive attention.",hot_take,Borderline analysis/hot_take; draft label chosen by taxonomy decision rule.,https://www.reddit.com/r/nba/comments/1kojmat/jaylen_brown_losing_to_the_knicks_feels_like/msu0kti/,msu0kti
"I've never liked the Knicks and always considered them overrated, but damn, since they got Brunson, I started changing my opinion. Love the way that dude plays.",hot_take,Borderline analysis/hot_take; draft label chosen by taxonomy decision rule.,https://www.reddit.com/r/nba/comments/1kojem1/is_brunson_already_a_better_knick_than_carmelo/mswm4ca/,mswm4ca
"Yup - this will be the worst playoff meltdown in terms of regular season margin of victory differential. Fake MVP, bloated regular season wins, fake all-star (Jdub), overrated 2nd pick (Chet) - these get validated as OKC gets blown out at home in Denver and SGA will be grinning in Cancun tomorrow",hot_take,Borderline analysis/hot_take; draft label chosen by taxonomy decision rule.,https://www.reddit.com/r/nba/comments/1kpb9mb/is_tomorrow_a_nikola_jokic_legacy_game/msx6f6y/,msx6f6y
man went from top 3 in the world to kinda washed 😞,hot_take,Borderline analysis/hot_take; draft label chosen by taxonomy decision rule.,https://www.reddit.com/r/nba/comments/1kpq7i8/the_athletic_aaron_gordon_hamstring_is_expected/mszqm2v/,mszqm2v
"Matchups are overrated, teams will always screen and move to try and attack who they want.",hot_take,Borderline analysis/hot_take; draft label chosen by taxonomy decision rule.,https://www.reddit.com/r/nba/comments/1kpql6d/what_are_the_likely_matchups_for_the_indiananew/mt028g2/,mt028g2
"SGA is a Top 5 player. Coach is overrated, not playoff coach. Caruso is OK. Hart and Chet are 4th players on a championship team.",hot_take,Borderline analysis/hot_take; draft label chosen by taxonomy decision rule.,https://www.reddit.com/r/nba/comments/1kpquc5/game_thread_denver_nuggets_33_oklahoma_city/mt0av8x/,mt0av8x
he’s washed but ur on drugs if you don’t think he’d easily be the best player in the ncaa lol,hot_take,Borderline analysis/hot_take; draft label chosen by taxonomy decision rule.,https://www.reddit.com/r/nba/comments/1kpquc5/game_thread_denver_nuggets_33_oklahoma_city/mt0d9sd/,mt0d9sd
i take pacers or the knicks over either of these overrated trash teams,hot_take,Borderline hot_take/reaction; draft label chosen by taxonomy decision rule.,https://www.reddit.com/r/nba/comments/1kpquc5/game_thread_denver_nuggets_33_oklahoma_city/mt0gwmj/,mt0gwmj
Jokic so overrated. The “SGA MVP” tweet from Shams is gonna hit like crack.,hot_take,Borderline hot_take/reaction; draft label chosen by taxonomy decision rule.,https://www.reddit.com/r/nba/comments/1kpu0q8/highlights_nikola_jokic_scores_shai/mt0jw2d/,mt0jw2d
okc still frauds getting pushed to a game 7 when the other team has no coach and a bunch of bums,hot_take,Borderline analysis/hot_take; draft label chosen by taxonomy decision rule.,https://www.reddit.com/r/nba/comments/1kpquc5/game_thread_denver_nuggets_33_oklahoma_city/mt0kms8/,mt0kms8
This OKC team as such FRAUDS.,hot_take,Borderline hot_take/reaction; draft label chosen by taxonomy decision rule.,https://www.reddit.com/r/nba/comments/1kpquc5/game_thread_denver_nuggets_33_oklahoma_city/mt0m6kj/,mt0m6kj
Minny is going to destroy these frauds,hot_take,Borderline hot_take/reaction; draft label chosen by taxonomy decision rule.,https://www.reddit.com/r/nba/comments/1kpquc5/game_thread_denver_nuggets_33_oklahoma_city/mt0mbqa/,mt0mbqa
First quarter actually had me thinking this was going to be fun to watch. OKC still frauds,hot_take,Borderline hot_take/reaction; draft label chosen by taxonomy decision rule.,https://www.reddit.com/r/nba/comments/1kpquc5/game_thread_denver_nuggets_33_oklahoma_city/mt0mgmo/,mt0mgmo
Bum frauds this is great,hot_take,Borderline hot_take/reaction; draft label chosen by taxonomy decision rule.,https://www.reddit.com/r/nba/comments/1kpquc5/game_thread_denver_nuggets_33_oklahoma_city/mt0mpjy/,mt0mpjy
The Chad MVP SGA vs the washed king joker,hot_take,Borderline hot_take/reaction; draft label chosen by taxonomy decision rule.,https://www.reddit.com/r/nba/comments/1kpquc5/game_thread_denver_nuggets_33_oklahoma_city/mt0mr61/,mt0mr61
"Typical outcome. If OKC lost they would have been frauds, and now they are only winning because of the refs.",hot_take,Borderline analysis/hot_take; draft label chosen by taxonomy decision rule.,https://www.reddit.com/r/nba/comments/1kpquc5/game_thread_denver_nuggets_33_oklahoma_city/mt0n4z9/,mt0n4z9
How is that not an offensive foul on Wallace there? Jokic went up and Cason scored this is ridiculous OKC are frauds and dirty smh,hot_take,Borderline hot_take/reaction; draft label chosen by taxonomy decision rule.,https://www.reddit.com/r/nba/comments/1kpquc5/game_thread_denver_nuggets_33_oklahoma_city/mt0opg5/,mt0opg5
Man! How is Deandre Jordan still scamming the league out of game checks? Dude’s been washed for 5 years.,hot_take,Borderline analysis/hot_take; draft label chosen by taxonomy decision rule.,https://www.reddit.com/r/nba/comments/1kpquc5/game_thread_denver_nuggets_33_oklahoma_city/mt0px6h/,mt0px6h
SGA is so overrated. Only presence is on the line. Part of why the NBA will never touch football. Truly horrible marketing.,hot_take,Borderline analysis/hot_take; draft label chosen by taxonomy decision rule.,https://www.reddit.com/r/nba/comments/1kpquc5/game_thread_denver_nuggets_33_oklahoma_city/mt0qvuy/,mt0qvuy
Stolen franchise. I would root for ugh Boston over these frauds,hot_take,Borderline hot_take/reaction; draft label chosen by taxonomy decision rule.,https://www.reddit.com/r/nba/comments/1kpquc5/game_thread_denver_nuggets_33_oklahoma_city/mt0syx7/,mt0syx7
Wow what absolute trash scheduling. There should never be only 1 day off between series.,hot_take,Borderline analysis/hot_take; draft label chosen by taxonomy decision rule.,https://www.reddit.com/r/nba/comments/1kpquc5/game_thread_denver_nuggets_33_oklahoma_city/mt0te3h/,mt0te3h
Cuz FTA is a fraud mvp,hot_take,Borderline hot_take/reaction; draft label chosen by taxonomy decision rule.,https://www.reddit.com/r/nba/comments/1kpquc5/game_thread_denver_nuggets_33_oklahoma_city/mt0ty0c/,mt0ty0c
"Man, having to cope with another teams fake MVP because yours got exposed, that has to be rough lol.",hot_take,,https://www.reddit.com/r/nba/comments/1kpquc5/game_thread_denver_nuggets_33_oklahoma_city/mt0urzq/,mt0urzq
"Get ready for all the cope comments about how Oklahoma sucks and we’re all trash, etc etc. Your fraud ass mvp just got spanked and sent home by our back up PG.",hot_take,Borderline analysis/hot_take; draft label chosen by taxonomy decision rule.,https://www.reddit.com/r/nba/comments/1kpquc5/game_thread_denver_nuggets_33_oklahoma_city/mt0uvcf/,mt0uvcf
Never seen such a strong garbage time lineup,hot_take,Borderline hot_take/reaction; draft label chosen by taxonomy decision rule.,https://www.reddit.com/r/nba/comments/1kpquc5/game_thread_denver_nuggets_33_oklahoma_city/mt0vjca/,mt0vjca
Damn I love being a fraud and fake number 1 seed,hot_take,Borderline hot_take/reaction; draft label chosen by taxonomy decision rule.,https://www.reddit.com/r/nba/comments/1kpquc5/game_thread_denver_nuggets_33_oklahoma_city/mt0w43s/,mt0w43s
"JOKIC IS STILL THE FUCKING MVP! ROBBED, ROBBED! FREE THROW MERCHANT! FRAUD, FRAUD! JOKIC CARRYING LITERAL BUMS! BUMS! Did I do it right?",hot_take,,https://www.reddit.com/r/nba/comments/1kpvhom/highlight_shai_gilgeousalexander_gets_the/mt0wbdh/,mt0wbdh
Murray and mpj are frauds how are nuggets fucking up the prime of a player like jokic. 😭😭,hot_take,Borderline hot_take/reaction; draft label chosen by taxonomy decision rule.,https://www.reddit.com/r/nba/comments/1kpvpwk/post_game_thread_the_oklahoma_city_thunder_roll/mt0x5p5/,mt0x5p5
"Damn nuggets fans can go into the thunder sub and talk shit but instant ban when the tables turn. Jokic fraud, SGA MVP.",hot_take,Borderline analysis/hot_take; draft label chosen by taxonomy decision rule.,https://www.reddit.com/r/nba/comments/1kpvq2g/the_denver_nuggets_have_been_eliminated_from/mt0xt9n/,mt0xt9n
Good on Jdub for pulling this game out! Fraud watch abated for now.,hot_take,Borderline hot_take/reaction; draft label chosen by taxonomy decision rule.,https://www.reddit.com/r/nba/comments/1kpvpwk/post_game_thread_the_oklahoma_city_thunder_roll/mt0xvw5/,mt0xvw5
I love being a fraud and fake number one seed and can't wait to get swept by the wolves with my star player having 50 FTA,hot_take,Borderline analysis/hot_take; draft label chosen by taxonomy decision rule.,https://www.reddit.com/r/nba/comments/1kpvpwk/post_game_thread_the_oklahoma_city_thunder_roll/mt0ynyh/,mt0ynyh
"A 76ers fan? You most know a lot about ""Fraud MVP""s",hot_take,Borderline hot_take/reaction; draft label chosen by taxonomy decision rule.,https://www.reddit.com/r/nba/comments/1kpw0a9/shai_fraud_mvp_gilgeousalexander_exits_a_game_7/mt0z3fm/,mt0z3fm
Exactly. He’s the fraud MVP,hot_take,Borderline hot_take/reaction; draft label chosen by taxonomy decision rule.,https://www.reddit.com/r/nba/comments/1kpvq2g/the_denver_nuggets_have_been_eliminated_from/mt107rm/,mt107rm
Indiana. From Mr. overrated to Mr. finals mvp,hot_take,Borderline hot_take/reaction; draft label chosen by taxonomy decision rule.,https://www.reddit.com/r/nba/comments/1kpw215/people_with_no_ties_with_pacersknicksokcwolves/mt10eg1/,mt10eg1
Anybody calling Shai a fraud is a clown. NBA discourse is so toxic nobody understands that there can be more than 1 potential MVP,hot_take,Borderline analysis/hot_take; draft label chosen by taxonomy decision rule.,https://www.reddit.com/r/nba/comments/1kpw0a9/shai_fraud_mvp_gilgeousalexander_exits_a_game_7/mt10ki2/,mt10ki2
Thunder are frauds Wolves in 4!! I am very nervous,hot_take,Borderline hot_take/reaction; draft label chosen by taxonomy decision rule.,https://www.reddit.com/r/nba/comments/1kpw4w5/2025_western_conference_finals_schedule_1/mt10pnm/,mt10pnm
Murray is so overrated. If he was on any non jokic team he would be like a fringe top 20 guard,hot_take,Borderline analysis/hot_take; draft label chosen by taxonomy decision rule.,https://www.reddit.com/r/nba/comments/1kpvq2g/the_denver_nuggets_have_been_eliminated_from/mt12d62/,mt12d62
I can't wait to trash SGA for winning a championship but not getting finals MVP.,hot_take,Borderline hot_take/reaction; draft label chosen by taxonomy decision rule.,https://www.reddit.com/r/nba/comments/1kpvjo8/stein_essentially_official_now_the_nba_will_have/mt12nwd/,mt12nwd
Nico Harrison gonna trade Flagg for a soon-to-be washed superstar and Mavs fans gonna still talk about Jokic like Luka is on their team fighting for another MVP title,hot_take,Borderline analysis/hot_take; draft label chosen by taxonomy decision rule.,https://www.reddit.com/r/nba/comments/1kpwdcl/nikola_jokic_has_gone_past_2nd_round_exactly/mt13sl3/,mt13sl3
"If Jokic and the Nuggets blew out SGA and the Thunder instead this sub would be full of threads calling him the best player of all-time, how it was the biggest upset in sports history, how OKC and SGA are frauds and SGA stole Jokic's MVP And if anyone but Jokic choked a 20 pt lead in a game 7 one year then got destroyed in a game 7 so bad he and his team quit the game in 3 quarters they would be getting absolutely trashed",hot_take,Borderline analysis/hot_take; draft label chosen by taxonomy decision rule.,https://www.reddit.com/r/nba/comments/1kpwmb1/jokic_isnt_a_top_5_center_all_time_and_should_not/mt14age/,mt14age
A fraud with 3 MVPs and a ring?,hot_take,Borderline hot_take/reaction; draft label chosen by taxonomy decision rule.,https://www.reddit.com/r/nba/comments/1kpw5hp/jokic_has_64_fta_this_series_sga_has_63/mt15p1v/,mt15p1v
"Idc about jokic, if the thunder were a serious team then this series wouldn’t even be close. Even if they win the championship they’re still frauds",hot_take,Borderline analysis/hot_take; draft label chosen by taxonomy decision rule.,https://www.reddit.com/r/nba/comments/1kpvqb8/highlight_shai_gilgeousalexander_smiling_walking/mt16d11/,mt16d11
"Yeah, a fraud with 3 MVPs and a ring. You're still fooled by his flopping.",hot_take,Borderline analysis/hot_take; draft label chosen by taxonomy decision rule.,https://www.reddit.com/r/nba/comments/1kpw5hp/jokic_has_64_fta_this_series_sga_has_63/mt16dw4/,mt16dw4
"""NBA is the most competitive it's ever been, awesome!"" ""The elite players can't make it to finals year after year, they are frauds!!!""",hot_take,,https://www.reddit.com/r/nba/comments/1kpwdcl/nikola_jokic_has_gone_past_2nd_round_exactly/mt17lie/,mt17lie
We need to talk about how Jokic couldn't beat a guy 6 inches shorter than him. This is the three time MVP? Fraud,hot_take,Borderline analysis/hot_take; draft label chosen by taxonomy decision rule.,https://www.reddit.com/r/nba/comments/1kpvpwk/post_game_thread_the_oklahoma_city_thunder_roll/mt17ljo/,mt17ljo
"Actually, the one team that ultimately wins is also a fraud and a bum*. *whenever they lose a game.",hot_take,Borderline analysis/hot_take; draft label chosen by taxonomy decision rule.,https://www.reddit.com/r/nba/comments/1kpwpv2/coach_mark_daigneault_gives_respect_to_the_entire/mt1825g/,mt1825g
"Jamal Murray: “I’m a choker, I’m a trash can, and I went ghost when it mattered most.”",hot_take,,https://www.reddit.com/r/nba/comments/1kpw4ba/okcs_32pt_win_over_the_nuggets_in_game_7_is_the/mt18i2t/,mt18i2t
"True. We actually did win it! But nope, still bums and frauds we are",hot_take,Borderline hot_take/reaction; draft label chosen by taxonomy decision rule.,https://www.reddit.com/r/nba/comments/1kpwpv2/coach_mark_daigneault_gives_respect_to_the_entire/mt19fit/,mt19fit
Obviously he's a fraud and they should trade him for Beal /s. Even the best have bad games.,hot_take,Borderline hot_take/reaction; draft label chosen by taxonomy decision rule.,https://www.reddit.com/r/nba/comments/1kpw9n5/nikola_jokic_had_as_many_turnovers_tonight_as_the/mt1hztl/,mt1hztl
"It's always like this after any big game, so stupid and so predictable. OKC loses game 7: ""Absolute frauds. Lost to a team that's 5 and a half deep and just came off a 7-game series on their own court. Shai is a flopper and a fraud, charity MVP."" Nuggets lose game 7: ""Jokic is a choker that can't lead a team to a championship (??????). Fake stats that don't mean anything.""",hot_take,Claim uses basketball terms but evidence is too thin; labeled hot_take.,https://www.reddit.com/r/nba/comments/1kpvc0c/highlight_caruso_picks_jokics_pocket_and_bounces/mt25u3t/,mt25u3t
"Refs carried them massively, easily one of the worst defensive teams ive ever seen in the playoffs, their defense consists of fouling at will & never getting called for it.",hot_take,Borderline analysis/hot_take; draft label chosen by taxonomy decision rule.,https://www.reddit.com/r/nba/comments/1kpxtxs/nuggets_starters_dominant_playoff_run/mt2iiz4/,mt2iiz4
"Wait shouldn't that mean jokic gets more criticism for a bad game if he's the best player around? Embiid, this never had great success, gets held to a much higher standard",hot_take,Borderline analysis/hot_take; draft label chosen by taxonomy decision rule.,https://www.reddit.com/r/nba/comments/1kpw43q/nikola_jokic_in_the_game_7_loss_to_the_thunder_20/mt2kq6p/,mt2kq6p
Thunder. That 2015 Warriors team is extremely overrated. They played like trash against a HORRENDOUS Cavs team.,hot_take,Borderline analysis/hot_take; draft label chosen by taxonomy decision rule.,https://www.reddit.com/r/nba/comments/1kq2vtd/2015_warriors_vs_2025_thunder/mt2ul2i/,mt2ul2i
"6'5"" Caruso clamped the alleged ""the best player in the world"" and ""best offensive center of all time"" Jokic. Let us never forget this.",hot_take,Borderline analysis/hot_take; draft label chosen by taxonomy decision rule.,https://www.reddit.com/r/nba/comments/1kpvq2g/the_denver_nuggets_have_been_eliminated_from/mt2zlyb/,mt2zlyb
still better than having 3 MVPs who also happen to be 3 of the best players ever and still winning fuck all,hot_take,Borderline analysis/hot_take; draft label chosen by taxonomy decision rule.,https://www.reddit.com/r/nba/comments/1kj2umd/highlight_sga_smiling_walking_off_the_court_after/mt31m6e/,mt31m6e
2015 warriors are overrated. They barely beat the Cavs with delly being the second best player.,hot_take,Borderline analysis/hot_take; draft label chosen by taxonomy decision rule.,https://www.reddit.com/r/nba/comments/1kq2vtd/2015_warriors_vs_2025_thunder/mt36c9g/,mt36c9g
"I have never heard this take before so no, he is not passing too much. It's also agregious that you can somehow blame this loss on Jokic lol",hot_take,Borderline analysis/hot_take; draft label chosen by taxonomy decision rule.,https://www.reddit.com/r/nba/comments/1kq65lt/is_it_generally_agreed_that_jokic_passes_too_much/mt36et7/,mt36et7
Not a fraud but overrated AF.,hot_take,Borderline hot_take/reaction; draft label chosen by taxonomy decision rule.,https://www.reddit.com/r/nba/comments/1kpw0a9/shai_fraud_mvp_gilgeousalexander_exits_a_game_7/mt3g4b6/,mt3g4b6
"It's funny you mentioned that! I've had multiple people at my restaurant that said the exact same thing. ""Terrible show and she's mentally gone."" Table 42 lol",hot_take,Borderline analysis/hot_take; draft label chosen by taxonomy decision rule.,https://www.reddit.com/r/nba/comments/1kpxgmb/aaron_gordon_on_the_playoff_scheduling_i_would/mt3ury7/,mt3ury7
Even folks who think Jokic should be MVP (myself included) don't typically see Shai as a 'fraud' MVP. It's very clear that both Jokic and Shai had MVP years this seasons.,hot_take,Borderline analysis/hot_take; draft label chosen by taxonomy decision rule.,https://www.reddit.com/r/nba/comments/1kpw0a9/shai_fraud_mvp_gilgeousalexander_exits_a_game_7/mt3xi34/,mt3xi34
You're right lmao. Ham''s limited and not a good coach but he isn't a choke artist. What series did HE lose as a favourite?,hot_take,Borderline hot_take/reaction; draft label chosen by taxonomy decision rule.,https://www.reddit.com/r/nba/comments/1kq13gw/steinthe_bucks_league_sources_say_remain_hopeful/mt42s6m/,mt42s6m
Westbrook is rotom-washed but he's def above d2 college level lmao,reaction,,https://www.reddit.com/r/nba/comments/1kpquc5/game_thread_denver_nuggets_33_oklahoma_city/mt0d6ue/,mt0d6ue
What is this 5 guard lineup lmao?,reaction,,https://www.reddit.com/r/nba/comments/1kpquc5/game_thread_denver_nuggets_33_oklahoma_city/mt0f4pu/,mt0f4pu
"oh wow, did the game continue after I commented? youre such a loser lmao",reaction,,https://www.reddit.com/r/nba/comments/1kpquc5/game_thread_denver_nuggets_33_oklahoma_city/mt0hwfr/,mt0hwfr
wow refs cheating so hard for thunder. ft disparity is fkn crazy,reaction,,https://www.reddit.com/r/nba/comments/1kptwvc/highlight_jalen_williams_scores_on_each_of_two/mt0i4is/,mt0i4is
"As many more obvious fouls as you guys commit? Like there shouldn’t be a moment when the refs say oh wow these numbers look bad, let’s change up the calls",reaction,,https://www.reddit.com/r/nba/comments/1kpquc5/game_thread_denver_nuggets_33_oklahoma_city/mt0ilft/,mt0ilft
"Brunson flops, but at least he also makes unbelievable shots. OKC never makes me say ""WOW!"" It's just all pushing refs to blow the whistle.",reaction,Emotional immediate response despite strong wording; labeled reaction.,https://www.reddit.com/r/nba/comments/1kpquc5/game_thread_denver_nuggets_33_oklahoma_city/mt0lrb9/,mt0lrb9
WOW. FLAGRANT? LOOOOOOL this shit is so fucked,reaction,,https://www.reddit.com/r/nba/comments/1kpquc5/game_thread_denver_nuggets_33_oklahoma_city/mt0lthb/,mt0lthb
"Wow, like I said, imagine if Braun defended the way Alex did lol.",reaction,,https://www.reddit.com/r/nba/comments/1kpquc5/game_thread_denver_nuggets_33_oklahoma_city/mt0n9x6/,mt0n9x6
Nuggets are frauds. Shouldn't have even been a game 7 but refs wanted it,reaction,Borderline analysis/reaction; draft label chosen by taxonomy decision rule.,https://www.reddit.com/r/nba/comments/1kpquc5/game_thread_denver_nuggets_33_oklahoma_city/mt0nq2n/,mt0nq2n
"Wow, 2 good games in a 7 game series! He's awesome!",reaction,Borderline analysis/reaction; draft label chosen by taxonomy decision rule.,https://www.reddit.com/r/nba/comments/1kptwd0/highlight_williams_absolutely_taking_over_the/mt0ohno/,mt0ohno
Wow so many nugs fans lol it’s rigged for the smaller team to win or its injuries😂,reaction,,https://www.reddit.com/r/nba/comments/1kpquc5/game_thread_denver_nuggets_33_oklahoma_city/mt0ou78/,mt0ou78
"Yeah my team were pretenders, frauds, what does that have to with your team clearly paying off the refs OR being the NBA favorites? Disgusting",reaction,Borderline hot_take/reaction; draft label chosen by taxonomy decision rule.,https://www.reddit.com/r/nba/comments/1kpquc5/game_thread_denver_nuggets_33_oklahoma_city/mt0owjz/,mt0owjz
Wow we have had multiple possessions without a foul!,reaction,,https://www.reddit.com/r/nba/comments/1kpquc5/game_thread_denver_nuggets_33_oklahoma_city/mt0p4um/,mt0p4um
Wow the refs are unreal making Denver miss three shots in a row like that. Game is rigged,reaction,,https://www.reddit.com/r/nba/comments/1kpquc5/game_thread_denver_nuggets_33_oklahoma_city/mt0q4qe/,mt0q4qe
"Didn't the state of Oklahoma just mandate public schools to teach about ""2020 election fraud"" conspiracies lol?",reaction,,https://www.reddit.com/r/nba/comments/1kpquc5/game_thread_denver_nuggets_33_oklahoma_city/mt0wmzl/,mt0wmzl
Just tramadol? Kinda trash drug. Bro should be on a fent patch and morphine as needed,reaction,,https://www.reddit.com/r/nba/comments/1kpvpwk/post_game_thread_the_oklahoma_city_thunder_roll/mt0wv84/,mt0wv84
"Yes, pretty much Denver and Timberwolves are probably our worst matchups because of their size haha",reaction,Borderline analysis/reaction; draft label chosen by taxonomy decision rule.,https://www.reddit.com/r/nba/comments/1kpquc5/game_thread_denver_nuggets_33_oklahoma_city/mt0xvk0/,mt0xvk0
Wow lakers owned them until recently lol,reaction,,https://www.reddit.com/r/nba/comments/1kpw2lg/murray_nuggets_vs_1_seed_alltime_l_vs_1985_lakers/mt0zgjg/,mt0zgjg
Also has the same amount of series wins against 50+ win teams as the 3x MVP. Just wow!,reaction,Borderline analysis/reaction; draft label chosen by taxonomy decision rule.,https://www.reddit.com/r/nba/comments/1kpw1kw/sga_averaged_3067_on_63_ts_and_2_turnovers_this/mt101r7/,mt101r7
"Poor efficiency? Player with ""the biggest gravity in the world"" wasnt much better lmao",reaction,,https://www.reddit.com/r/nba/comments/1kpw4o5/jamal_murray_finishes_game_7_with_13_pts_1_reb_2/mt1150y/,mt1150y
Overrated is a wild take. The PG they traded for was a MVP candidate 😂,reaction,Borderline hot_take/reaction; draft label chosen by taxonomy decision rule.,https://www.reddit.com/r/nba/comments/1kpvq2g/the_denver_nuggets_have_been_eliminated_from/mt1cj9n/,mt1cj9n
Idk why they’d blame the refs when Jokic’s teammates are right there to crucify lol,reaction,,https://www.reddit.com/r/nba/comments/1kpvpwk/post_game_thread_the_oklahoma_city_thunder_roll/mt1jn4l/,mt1jn4l
Westbrook has never achieved this level of efficiency that SGA has lol,reaction,,https://www.reddit.com/r/nba/comments/1kpw71e/is_sga_already_the_2nd_greatest_player_ever_for/mt1m8z0/,mt1m8z0
Jokic has been actively losing his mind and screaming at the refs in every game lol,reaction,,https://www.reddit.com/r/nba/comments/1kptnt1/highlight_alex_caruso_fouls_nikola_jokic_and/mt1mbgp/,mt1mbgp
"Foul on Shai, before the elbow. Hate the refs. Jokic deserve the MVP",reaction,,https://www.reddit.com/r/nba/comments/1kpuh8a/highlight_aaron_gordon_with_an_elbow_to_shai/mt1pbsp/,mt1pbsp
All of those steals were fouls but the refs just let them get away with it.,reaction,,https://www.reddit.com/r/nba/comments/1kpzx59/murray_thunder_had_74_steals_in_this_series_thats/mt1vr02/,mt1vr02
74 uncalled fouls smh refs,reaction,,https://www.reddit.com/r/nba/comments/1kpzx59/murray_thunder_had_74_steals_in_this_series_thats/mt1xycq/,mt1xycq
"Wow, You're right. Should the NBA make them replay the series as clearly this was missed?",reaction,,https://www.reddit.com/r/nba/comments/1kpzx59/murray_thunder_had_74_steals_in_this_series_thats/mt1ypes/,mt1ypes
There are crazy people in every fan base lmao.,reaction,,https://www.reddit.com/r/nba/comments/1kpxlup/nikola_jokic_full_postgame_conference_after_the/mt21hkg/,mt21hkg
Jokic glazers are just pissed that the refs didn’t help the team with the hospital line-up,reaction,,https://www.reddit.com/r/nba/comments/1kpvhom/highlight_shai_gilgeousalexander_gets_the/mt24bgj/,mt24bgj
Have you not watched the playoffs before? Refs have free reign,reaction,,https://www.reddit.com/r/nba/comments/1kpuh8a/highlight_aaron_gordon_with_an_elbow_to_shai/mt26nzb/,mt26nzb
Lmao - there's people responding to the parent comment defending Jokic so not nobody...,reaction,,https://www.reddit.com/r/nba/comments/1kpw43q/nikola_jokic_in_the_game_7_loss_to_the_thunder_20/mt28p95/,mt28p95
"Right you're clearly delusional but i have 2 brain cells lmao, the facts keep proving themselves.",reaction,Borderline analysis/reaction; draft label chosen by taxonomy decision rule.,https://www.reddit.com/r/nba/comments/1kpw43q/nikola_jokic_in_the_game_7_loss_to_the_thunder_20/mt28qce/,mt28qce
Jokic stans are unintentionally the funniest group in the NBA Fandom lmao,reaction,,https://www.reddit.com/r/nba/comments/1kpw01h/3time_mvp_nikola_jokic_in_a_game_7_elimination/mt2a27z/,mt2a27z
I don’t wanna hear any nuggets fans complaining about refs when they got blown out by 30 🤣🤣🤣,reaction,Borderline analysis/reaction; draft label chosen by taxonomy decision rule.,https://www.reddit.com/r/nba/comments/1kptnt1/highlight_alex_caruso_fouls_nikola_jokic_and/mt2ac33/,mt2ac33
Nuggets fans always blame the refs. Look at the top post in their sub.,reaction,Borderline hot_take/reaction; draft label chosen by taxonomy decision rule.,https://www.reddit.com/r/nba/comments/1kq0c8z/nikola_jokic_in_the_second_half_of_game_7_3/mt2b4si/,mt2b4si
Okay this alone means you aren’t worth discussing anything with lmao,reaction,,https://www.reddit.com/r/nba/comments/1kpw43q/nikola_jokic_in_the_game_7_loss_to_the_thunder_20/mt2bj4b/,mt2bj4b
I can’t believe this sub used to trash Westbrook F*ck all y’all on here lol,reaction,,https://www.reddit.com/r/nba/comments/1kpxcmm/benedetto_tried_to_get_russell_westbrook_in_the/mt2cz07/,mt2cz07
lol. The copium is crazy.,reaction,,https://www.reddit.com/r/nba/comments/1kpxgmb/aaron_gordon_on_the_playoff_scheduling_i_would/mt2e4ht/,mt2e4ht
Where's this energy when embiid has bad games? He gets doubled/tripled every series we play lmao,reaction,,https://www.reddit.com/r/nba/comments/1kpw43q/nikola_jokic_in_the_game_7_loss_to_the_thunder_20/mt2hexi/,mt2hexi
What’s crazy about this though?,reaction,,https://www.reddit.com/r/nba/comments/1kpxcmm/benedetto_tried_to_get_russell_westbrook_in_the/mt2kg0s/,mt2kg0s
Pretty close outside Jokic lmao,reaction,,https://www.reddit.com/r/nba/comments/1kpy9xv/nikola_jokic_on_the_nuggets_needs_the_ones_who/mt2lywx/,mt2lywx
How can you say that after they reviewed it? At that point it’s on the refs.,reaction,,https://www.reddit.com/r/nba/comments/1kpuh8a/highlight_aaron_gordon_with_an_elbow_to_shai/mt2mx4o/,mt2mx4o
This is so insanely accurate lmao,reaction,,https://www.reddit.com/r/nba/comments/1kq2vtd/2015_warriors_vs_2025_thunder/mt2scmq/,mt2scmq
"Every other player: FLOPPER Jokic: wow it was so smart of him to exaggerate the contact, the refs hate him / well, okay, there was no contact on that play BUT did you see the play three minutes ago? it was so smart of him to get that call as justice for that play He had even the commentators saying that shit this series",reaction,Borderline analysis/reaction; draft label chosen by taxonomy decision rule.,https://www.reddit.com/r/nba/comments/1kpw43q/nikola_jokic_in_the_game_7_loss_to_the_thunder_20/mt2sjmp/,mt2sjmp
Lol bro fishing for some Embiid glaze,reaction,,https://www.reddit.com/r/nba/comments/1kptnt1/highlight_alex_caruso_fouls_nikola_jokic_and/mt2x6z2/,mt2x6z2
Do you just do this to every comment from a Lakers flair? lol,reaction,,https://www.reddit.com/r/nba/comments/1kpvqb8/highlight_shai_gilgeousalexander_smiling_walking/mt2yos2/,mt2yos2
now dont act surprised when people say Thunder fans are getting annoying. its your own fault lol,reaction,,https://www.reddit.com/r/nba/comments/1kq2vtd/2015_warriors_vs_2025_thunder/mt30se1/,mt30se1
If Christian Braun is getting $30m playing next to Jokic then Austin Reaves might be getting $40+ lol,reaction,Borderline analysis/reaction; draft label chosen by taxonomy decision rule.,https://www.reddit.com/r/nba/comments/1kq4uyp/bobby_marks_christian_braun_extension_number_will/mt30xgn/,mt30xgn
"I didn't say 8 deep lol, I said 8 players. These nuggets were 6 deep at best.",reaction,Borderline analysis/reaction; draft label chosen by taxonomy decision rule.,https://www.reddit.com/r/nba/comments/1kpw1kd/russell_westbrook_last_5_games_64_ppg_on_262_fg/mt312jx/,mt312jx
Braun is not worth $30m lmao,reaction,,https://www.reddit.com/r/nba/comments/1kq4uyp/bobby_marks_christian_braun_extension_number_will/mt330ch/,mt330ch
Lmao that's some level of hate right there,reaction,,https://www.reddit.com/r/nba/comments/1kpz9eu/of_the_5000_players_who_have_had_700_career_games/mt344jr/,mt344jr
Jokic averaged more free throws than SGA lol,reaction,,https://www.reddit.com/r/nba/comments/1kpzx59/murray_thunder_had_74_steals_in_this_series_thats/mt35qu6/,mt35qu6
lol what is this? 😂 What is wrong with r/NBA these days?,reaction,,https://www.reddit.com/r/nba/comments/1kpw7ye/the_denver_nuggets_have_extraordinarily_limited/mt35r6k/,mt35r6k
"lol, no, no it won’t be",reaction,,https://www.reddit.com/r/nba/comments/1kq68ms/bobby_marks_christian_braun_extension_number_will/mt370jy/,mt370jy
Lmao. Lebron straight up went to the finals with bums more than once.,reaction,,https://www.reddit.com/r/nba/comments/1kpw43q/nikola_jokic_in_the_game_7_loss_to_the_thunder_20/mt3ae9a/,mt3ae9a
Ant being inconsistent is a crazy understated way to put it lmao,reaction,,https://www.reddit.com/r/nba/comments/1kptnt1/highlight_alex_caruso_fouls_nikola_jokic_and/mt3c0d6/,mt3c0d6
im just happy that lebron's goat status is not being in the media now 24/7 lol,reaction,Emotional immediate response despite strong wording; labeled reaction.,https://www.reddit.com/r/nba/comments/1kpnyhh/the_western_conference_finals_will_be_played/mt3cp6h/,mt3cp6h
"lol, 2018 LeBron played the 2018 Celtics. That Celtics team gets swept by OkC & so do the Cavs",reaction,,https://www.reddit.com/r/nba/comments/1kpw43q/nikola_jokic_in_the_game_7_loss_to_the_thunder_20/mt3dnfr/,mt3dnfr
Lmao if 40 year old lebron says this he’s getting absolutely crucified 😭,reaction,,https://www.reddit.com/r/nba/comments/1kpy9xv/nikola_jokic_on_the_nuggets_needs_the_ones_who/mt3em45/,mt3em45
Bro might just be a Saints fan lol,reaction,,https://www.reddit.com/r/nba/comments/1kpvq2g/the_denver_nuggets_have_been_eliminated_from/mt3itfj/,mt3itfj
lol hmm how would a chubby looking SGA play?,reaction,,https://www.reddit.com/r/nba/comments/1kpw059/exactly_3_years_and_3_days_ago_the_dallas/mt3jooj/,mt3jooj
They’re not wrong lol. The return wouldn’t be anywhere near that high,reaction,,https://www.reddit.com/r/nba/comments/1kq13gw/steinthe_bucks_league_sources_say_remain_hopeful/mt3la43/,mt3la43
"Lol I saw a comment on a post earlier, don't remember exactly what post but somebody was like ""Damn it, giannis was at my college and nobody told me?""",reaction,Borderline analysis/reaction; draft label chosen by taxonomy decision rule.,https://www.reddit.com/r/nba/comments/1kpajxe/chris_haynes_bucks_make_contact_with_giannis/mt3nll2/,mt3nll2
"Lol I saw a post earlier, don't remember exactly what post but somebody from that college commented and was like ""Damn it, giannis was at my college and nobody told me?""",reaction,Borderline analysis/reaction; draft label chosen by taxonomy decision rule.,https://www.reddit.com/r/nba/comments/1kpajxe/chris_haynes_bucks_make_contact_with_giannis/mt3nrg5/,mt3nrg5
Then pay him that five years later lol,reaction,,https://www.reddit.com/r/nba/comments/1kq4uyp/bobby_marks_christian_braun_extension_number_will/mt3pb1j/,mt3pb1j
lol what? Zero chance he gets paid more than $15M on the open market with the new CBA.,reaction,,https://www.reddit.com/r/nba/comments/1kq4uyp/bobby_marks_christian_braun_extension_number_will/mt3ufil/,mt3ufil
"> Nashville and Denver have similar demographics lol what?! Denver is like 9% black, meanwhile Nashville is 30%.",reaction,,https://www.reddit.com/r/nba/comments/1kpvq2g/the_denver_nuggets_have_been_eliminated_from/mt44flh/,mt44flh
Bro cmon switch Cade and Jalen and see which team improves lmao,reaction,,https://www.reddit.com/r/nba/comments/1knr5bq/jalen_williams_in_the_loss_against_the_nuggets/mt44w6z/,mt44w6z
Basically the better team just locks in lol,reaction,,https://www.reddit.com/r/nba/comments/1kqat2p/game_7_disappointments_over_the_last_12_game_7s/mt45fph/,mt45fph
